company,companiesmarketcap_slug,market_cap_usd_billion,revenue_ttm_usd_billion,source,source_url_market_cap,source_url_revenue,retrieved_date,notes
AbbVie,abbvie,465.260,64.380,CompaniesMarketCap,https://companiesmarketcap.com/abbvie/marketcap/,https://companiesmarketcap.com/abbvie/revenue/,2026-09-29,Parent-company proxy; blank means no separately quoted/publicly parsed value.
Amgen,amgen,229.030,38.090,CompaniesMarketCap,https://companiesmarketcap.com/amgen/marketcap/,https://companiesmarketcap.com/amgen/revenue/,2026-09-29,Parent-company proxy; blank means no separately quoted/publicly parsed value.
AstraZeneca,astrazeneca,254.670,61.360,CompaniesMarketCap,https://companiesmarketcap.com/astrazeneca/marketcap/,https://companiesmarketcap.com/astrazeneca/revenue/,2026-09-29,Parent-company proxy; blank means no separately quoted/publicly parsed value.
Bristol Myers Squibb,bristol-myers-squibb,128.400,49.180,CompaniesMarketCap,https://companiesmarketcap.com/bristol-myers-squibb/marketcap/,https://companiesmarketcap.com/bristol-myers-squibb/revenue/,2026-09-29,Parent-company proxy; blank means no separately quoted/publicly parsed value.
Chugai Pharmaceuticals,chugai-pharmaceutical,63.770,7.190,CompaniesMarketCap,https://companiesmarketcap.com/chugai-pharmaceutical/marketcap/,https://companiesmarketcap.com/chugai-pharmaceutical/revenue/,2026-09-29,Parent-company proxy; blank means no separately quoted/publicly parsed value.
Eli Lilly,eli-lilly,1055.000,79.660,CompaniesMarketCap,https://companiesmarketcap.com/eli-lilly/marketcap/,https://companiesmarketcap.com/eli-lilly/revenue/,2026-09-29,Parent-company proxy; blank means no separately quoted/publicly parsed value.
Gilead Sciences,gilead-sciences,187.580,30.450,CompaniesMarketCap,https://companiesmarketcap.com/gilead-sciences/marketcap/,https://companiesmarketcap.com/gilead-sciences/revenue/,2026-09-29,Parent-company proxy; blank means no separately quoted/publicly parsed value.
Jiangsu Hengrui Medicine,jiangsu-hengrui-medicine,45.200,4.650,CompaniesMarketCap,https://companiesmarketcap.com/jiangsu-hengrui-medicine/marketcap/,https://companiesmarketcap.com/jiangsu-hengrui-medicine/revenue/,2026-09-29,Parent-company proxy; blank means no separately quoted/publicly parsed value.
Johnson & Johnson,johnson-and-johnson,644.810,97.920,CompaniesMarketCap,https://companiesmarketcap.com/johnson-and-johnson/marketcap/,https://companiesmarketcap.com/johnson-and-johnson/revenue/,2026-09-29,Parent-company proxy; blank means no separately quoted/publicly parsed value.
Merck & Co,merck,368.290,66.560,CompaniesMarketCap,https://companiesmarketcap.com/merck/marketcap/,https://companiesmarketcap.com/merck/revenue/,2026-09-29,Parent-company proxy; blank means no separately quoted/publicly parsed value.
Merck & Co.,merck,368.290,66.560,CompaniesMarketCap,https://companiesmarketcap.com/merck/marketcap/,https://companiesmarketcap.com/merck/revenue/,2026-09-29,Parent-company proxy; blank means no separately quoted/publicly parsed value.
Novartis,novartis,276.950,56.690,CompaniesMarketCap,https://companiesmarketcap.com/novartis/marketcap/,https://companiesmarketcap.com/novartis/revenue/,2026-09-29,Parent-company proxy; blank means no separately quoted/publicly parsed value.
Novo Nordisk,novo-nordisk,169.160,51.220,CompaniesMarketCap,https://companiesmarketcap.com/novo-nordisk/marketcap/,https://companiesmarketcap.com/novo-nordisk/revenue/,2026-09-29,Parent-company proxy; blank means no separately quoted/publicly parsed value.
Pfizer,pfizer,163.690,63.690,CompaniesMarketCap,https://companiesmarketcap.com/pfizer/marketcap/,https://companiesmarketcap.com/pfizer/revenue/,2026-09-29,Parent-company proxy; blank means no separately quoted/publicly parsed value.
Regeneron Pharmaceuticals,regeneron-pharmaceuticals,77.260,15.530,CompaniesMarketCap,https://companiesmarketcap.com/regeneron-pharmaceuticals/marketcap/,https://companiesmarketcap.com/regeneron-pharmaceuticals/revenue/,2026-09-29,Parent-company proxy; blank means no separately quoted/publicly parsed value.
Roche,roche,346.350,80.020,CompaniesMarketCap,https://companiesmarketcap.com/roche/marketcap/,https://companiesmarketcap.com/roche/revenue/,2026-09-29,Parent-company proxy; blank means no separately quoted/publicly parsed value.
Sanofi,sanofi,97.610,56.840,CompaniesMarketCap,https://companiesmarketcap.com/sanofi/marketcap/,https://companiesmarketcap.com/sanofi/revenue/,2026-09-29,Parent-company proxy; blank means no separately quoted/publicly parsed value.
Vertex Pharmaceuticals,vertex-pharmaceuticals,133.420,12.580,CompaniesMarketCap,https://companiesmarketcap.com/vertex-pharmaceuticals/marketcap/,https://companiesmarketcap.com/vertex-pharmaceuticals/revenue/,2026-09-29,Parent-company proxy; blank means no separately quoted/publicly parsed value.
WuXi AppTec,wuxi-apptec,80.370,7.580,CompaniesMarketCap,https://companiesmarketcap.com/wuxi-apptec/marketcap/,https://companiesmarketcap.com/wuxi-apptec/revenue/,2026-09-29,Parent-company proxy; blank means no separately quoted/publicly parsed value.
Agricultural Bank of China,agricultural-bank-of-china,362.640,110.280,CompaniesMarketCap,https://companiesmarketcap.com/agricultural-bank-of-china/marketcap/,https://companiesmarketcap.com/agricultural-bank-of-china/revenue/,2026-09-29,Parent-company proxy; blank means no separately quoted/publicly parsed value.
BBVA,bbva,158.040,47.300,CompaniesMarketCap,https://companiesmarketcap.com/bbva/marketcap/,https://companiesmarketcap.com/bbva/revenue/,2026-09-29,Parent-company proxy; blank means no separately quoted/publicly parsed value.
Banco Santander,santander,205.700,69.820,CompaniesMarketCap,https://companiesmarketcap.com/santander/marketcap/,https://companiesmarketcap.com/santander/revenue/,2026-09-29,Parent-company proxy; blank means no separately quoted/publicly parsed value.
Bank of America,bank-of-america,384.320,116.980,CompaniesMarketCap,https://companiesmarketcap.com/bank-of-america/marketcap/,https://companiesmarketcap.com/bank-of-america/revenue/,2026-09-29,Parent-company proxy; blank means no separately quoted/publicly parsed value.
Bank of China,bank-of-china,319.920,98.660,CompaniesMarketCap,https://companiesmarketcap.com/bank-of-china/marketcap/,https://companiesmarketcap.com/bank-of-china/revenue/,2026-09-29,Parent-company proxy; blank means no separately quoted/publicly parsed value.
China Construction Bank,china-construction-bank,430.810,119.010,CompaniesMarketCap,https://companiesmarketcap.com/china-construction-bank/marketcap/,https://companiesmarketcap.com/china-construction-bank/revenue/,2026-09-29,Parent-company proxy; blank means no separately quoted/publicly parsed value.
Citigroup,citigroup,219.400,91.190,CompaniesMarketCap,https://companiesmarketcap.com/citigroup/marketcap/,https://companiesmarketcap.com/citigroup/revenue/,2026-09-29,Parent-company proxy; blank means no separately quoted/publicly parsed value.
Goldman Sachs,goldman-sachs,266.780,60.440,CompaniesMarketCap,https://companiesmarketcap.com/goldman-sachs/marketcap/,https://companiesmarketcap.com/goldman-sachs/revenue/,2026-09-29,Parent-company proxy; blank means no separately quoted/publicly parsed value.
HSBC,hsbc,344.590,72.400,CompaniesMarketCap,https://companiesmarketcap.com/hsbc/marketcap/,https://companiesmarketcap.com/hsbc/revenue/,2026-09-29,Parent-company proxy; blank means no separately quoted/publicly parsed value.
Industrial and Commercial Bank of China (ICBC),icbc,347.480,125.620,CompaniesMarketCap,https://companiesmarketcap.com/icbc/marketcap/,https://companiesmarketcap.com/icbc/revenue/,2026-09-29,Parent-company proxy; blank means no separately quoted/publicly parsed value.
JPMorgan Chase,jp-morgan-chase,890.430,194.910,CompaniesMarketCap,https://companiesmarketcap.com/jp-morgan-chase/marketcap/,https://companiesmarketcap.com/jp-morgan-chase/revenue/,2026-09-29,Parent-company proxy; blank means no separately quoted/publicly parsed value.
Mitsubishi UFJ Financial Group (MUFG),mitsubishi-ufj-financial,260.340,50.250,CompaniesMarketCap,https://companiesmarketcap.com/mitsubishi-ufj-financial/marketcap/,https://companiesmarketcap.com/mitsubishi-ufj-financial/revenue/,2026-09-29,Parent-company proxy; blank means no separately quoted/publicly parsed value.
Morgan Stanley,morgan-stanley,302.740,73.050,CompaniesMarketCap,https://companiesmarketcap.com/morgan-stanley/marketcap/,https://companiesmarketcap.com/morgan-stanley/revenue/,2026-09-29,Parent-company proxy; blank means no separately quoted/publicly parsed value.
Royal Bank of Canada,royal-bank-of-canada,276.600,51.500,CompaniesMarketCap,https://companiesmarketcap.com/royal-bank-of-canada/marketcap/,https://companiesmarketcap.com/royal-bank-of-canada/revenue/,2026-09-29,Parent-company proxy; blank means no separately quoted/publicly parsed value.
UBS,ubs,149.350,51.250,CompaniesMarketCap,https://companiesmarketcap.com/ubs/marketcap/,https://companiesmarketcap.com/ubs/revenue/,2026-09-29,Parent-company proxy; blank means no separately quoted/publicly parsed value.
Wells Fargo,wells-fargo,243.370,86.790,CompaniesMarketCap,https://companiesmarketcap.com/wells-fargo/marketcap/,https://companiesmarketcap.com/wells-fargo/revenue/,2026-09-29,Parent-company proxy; blank means no separately quoted/publicly parsed value.
Alibaba Cloud,alibaba,267.880,150.410,CompaniesMarketCap,https://companiesmarketcap.com/alibaba/marketcap/,https://companiesmarketcap.com/alibaba/revenue/,2026-09-29,Parent-company proxy; blank means no separately quoted/publicly parsed value.
Amazon Web Services (AWS),amazon,2660.000,742.770,CompaniesMarketCap,https://companiesmarketcap.com/amazon/marketcap/,https://companiesmarketcap.com/amazon/revenue/,2026-09-29,Parent-company proxy; blank means no separately quoted/publicly parsed value.
China Telecom Cloud,china-telecom,52.420,72.270,CompaniesMarketCap,https://companiesmarketcap.com/china-telecom/marketcap/,https://companiesmarketcap.com/china-telecom/revenue/,2026-09-29,Parent-company proxy; blank means no separately quoted/publicly parsed value.
China Unicom Cloud,china-unicom,21.600,50.740,CompaniesMarketCap,https://companiesmarketcap.com/china-unicom/marketcap/,https://companiesmarketcap.com/china-unicom/revenue/,2026-09-29,Parent-company proxy; blank means no separately quoted/publicly parsed value.
Deutsche Telekom Cloud,deutsche-telekom,143.070,139.050,CompaniesMarketCap,https://companiesmarketcap.com/deutsche-telekom/marketcap/,https://companiesmarketcap.com/deutsche-telekom/revenue/,2026-09-29,Parent-company proxy; blank means no separately quoted/publicly parsed value.
DigitalOcean,digitalocean,15.780,1.010,CompaniesMarketCap,https://companiesmarketcap.com/digitalocean/marketcap/,https://companiesmarketcap.com/digitalocean/revenue/,2026-09-29,Parent-company proxy; blank means no separately quoted/publicly parsed value.
Google Cloud,alphabet-google,4125.000,445.860,CompaniesMarketCap,https://companiesmarketcap.com/alphabet-google/marketcap/,https://companiesmarketcap.com/alphabet-google/revenue/,2026-09-29,Parent-company proxy; blank means no separately quoted/publicly parsed value.
IBM Cloud,ibm,207.260,69.090,CompaniesMarketCap,https://companiesmarketcap.com/ibm/marketcap/,https://companiesmarketcap.com/ibm/revenue/,2026-09-29,Parent-company proxy; blank means no separately quoted/publicly parsed value.
Microsoft Azure,microsoft,3779.000,331.830,CompaniesMarketCap,https://companiesmarketcap.com/microsoft/marketcap/,https://companiesmarketcap.com/microsoft/revenue/,2026-09-29,Parent-company proxy; blank means no separately quoted/publicly parsed value.
OVH Cloud,ovh,2.890,1.090,CompaniesMarketCap,https://companiesmarketcap.com/ovh/marketcap/,https://companiesmarketcap.com/ovh/revenue/,2026-09-29,Parent-company proxy; blank means no separately quoted/publicly parsed value.
OVHcloud,ovh,2.890,1.090,CompaniesMarketCap,https://companiesmarketcap.com/ovh/marketcap/,https://companiesmarketcap.com/ovh/revenue/,2026-09-29,Parent-company proxy; blank means no separately quoted/publicly parsed value.
Oracle Cloud Infrastructure,oracle,417.710,71.770,CompaniesMarketCap,https://companiesmarketcap.com/oracle/marketcap/,https://companiesmarketcap.com/oracle/revenue/,2026-09-29,Parent-company proxy; blank means no separately quoted/publicly parsed value.
Tencent Cloud,tencent,492.020,99.650,CompaniesMarketCap,https://companiesmarketcap.com/tencent/marketcap/,https://companiesmarketcap.com/tencent/revenue/,2026-09-29,Parent-company proxy; blank means no separately quoted/publicly parsed value.
Accenture,accenture,108.380,73.100,CompaniesMarketCap,https://companiesmarketcap.com/accenture/marketcap/,https://companiesmarketcap.com/accenture/revenue/,2026-09-29,Parent-company proxy; blank means no separately quoted/publicly parsed value.
FTI Consulting,fti-consulting,3.640,3.920,CompaniesMarketCap,https://companiesmarketcap.com/fti-consulting/marketcap/,https://companiesmarketcap.com/fti-consulting/revenue/,2026-09-29,Parent-company proxy; blank means no separately quoted/publicly parsed value.
Bain & Company,bain-and-company,,14.000,Public company/annual revenue disclosure,,https://www.forbes.com/companies/bain-and-company/,2026-09-29,Private consulting network revenue; no market cap.
Boston Consulting Group,boston-consulting-group,,14.400,Public company/annual revenue disclosure,,https://www.bcg.com/press/23april2026-bcg-revenue-22nd-consecutive-year-growth,2026-09-29,Private consulting network revenue; no market cap.
Deloitte Consulting,deloitte,,70.500,Public company/annual revenue disclosure,,https://www.deloitte.com/global/en/about/press-room/global-revenue-announcement.html,2026-09-29,Private consulting network revenue; no market cap.
EY Consulting,ernst-young,,53.219,Public company/annual revenue disclosure,,https://www.ey.com/en_gl/newsroom/2025/10/ey-announces-global-revenue-of-us-53-2b-for-fiscal-year-2025,2026-09-29,Private consulting network revenue; no market cap.
KPMG Advisory,kpmg,,38.400,Public company/annual revenue disclosure,,https://kpmg.com/xx/en/media/press-releases/2024/12/robust-growth-for-kpmg-as-global-revenues-rise-5-percent-to-us-dollar-38-point-4-billion.html,2026-09-29,Private consulting network revenue; no market cap.
McKinsey & Company,mckinsey,,16.000,Public company/annual revenue disclosure,,https://www.ft.com/content/d17b114c-fdbe-433f-902e-5043ec51cb5a,2026-09-29,Private consulting network revenue; no market cap.
Kearney,kearney,,2.000,Public company/annual revenue disclosure,,https://en.wikipedia.org/wiki/Kearney_(consulting_firm),2026-09-29,Private consulting network revenue; no market cap.
